resourceProvider,resourceType,resourceGroup,subscription,regionMove
microsoft.aad,domainservices,No,No,No
microsoft.aadiam,diagnosticsettings,No,No,No
microsoft.aadiam,diagnosticsettingscategories,No,No,No
microsoft.aadiam,privatelinkforazuread,Yes,Yes,No
microsoft.aadiam,tenants,Yes,Yes,No
microsoft.addons,supportproviders,No,No,No
microsoft.adhybridhealthservice,aadsupportcases,No,No,No
microsoft.adhybridhealthservice,addsservices,No,No,No
microsoft.adhybridhealthservice,agents,No,No,No
microsoft.adhybridhealthservice,anonymousapiusers,No,No,No
microsoft.adhybridhealthservice,configuration,No,No,No
microsoft.adhybridhealthservice,logs,No,No,No
microsoft.adhybridhealthservice,reports,No,No,No
microsoft.adhybridhealthservice,servicehealthmetrics,No,No,No
microsoft.adhybridhealthservice,services,No,No,No
microsoft.advisor,configurations,No,No,No
microsoft.advisor,generaterecommendations,No,No,No
microsoft.advisor,metadata,No,No,No
microsoft.advisor,recommendations,No,No,No
microsoft.advisor,suppressions,No,No,No
microsoft.alertsmanagement,alertprocessingrules,No,Yes,No
microsoft.alertsmanagement,alerts,No,No,No
microsoft.alertsmanagement,alertslist,No,No,No
microsoft.alertsmanagement,alertsmetadata,No,No,No
microsoft.alertsmanagement,alertssummary,No,No,No
microsoft.alertsmanagement,alertssummarylist,No,No,No
microsoft.alertsmanagement,smartdetectoralertrules,Yes,Yes,No
microsoft.alertsmanagement,smartgroups,No,No,No
microsoft.analysisservices,servers,Yes,Yes,No
microsoft.apimanagement,reportfeedback,No,No,No
microsoft.apimanagement,service,Yes,Yes,Yes
microsoft.app,managedenvironments,Yes,Yes,No
microsoft.appconfiguration,configurationstores,Yes,Yes,No
microsoft.appconfiguration,configurationstores/eventgridfilters,No,No,No
microsoft.appplatform,spring,Yes,Yes,No
microsoft.appservice,apiapps,No,No,Yes
microsoft.appservice,appidentities,No,No,No
microsoft.appservice,gateways,No,No,No
microsoft.attestation,attestationproviders,No,No,No
microsoft.authorization,classicadministrators,No,No,No
microsoft.authorization,dataaliases,No,No,No
microsoft.authorization,denyassignments,No,No,No
microsoft.authorization,elevateaccess,No,No,No
microsoft.authorization,findorphanroleassignments,No,No,No
microsoft.authorization,locks,No,No,No
microsoft.authorization,permissions,No,No,No
microsoft.authorization,policyassignments,No,No,No
microsoft.authorization,policydefinitions,No,No,No
microsoft.authorization,policysetdefinitions,No,No,No
microsoft.authorization,privatelinkassociations,No,No,No
microsoft.authorization,resourcemanagementprivatelinks,No,No,No
microsoft.authorization,roleassignments,No,No,No
microsoft.authorization,roleassignmentsusagemetrics,No,No,No
microsoft.authorization,roledefinitions,No,No,No
microsoft.automation,automationaccounts,Yes,Yes,
microsoft.automation,automationaccounts/configurations,Yes,Yes,No
microsoft.automation,automationaccounts/runbooks,Yes,Yes,No
microsoft.avs,privateclouds,Yes,Yes,No
microsoft.azureactivedirectory,b2cdirectories,Yes,Yes,No
microsoft.azureactivedirectory,b2ctenants,No,No,No
microsoft.azurearcdata,datacontrollers,No,No,No
microsoft.azurearcdata,postgresinstances,No,No,No
microsoft.azurearcdata,sqlmanagedinstances,No,No,No
microsoft.azurearcdata,sqlserverinstances,No,No,No
microsoft.azurearcdata,sqlserverlicenses,No,No,No
microsoft.azuredata,datacontrollers,No,No,No
microsoft.azuredata,hybriddatamanagers,No,No,No
microsoft.azuredata,postgresinstances,No,No,No
microsoft.azuredata,sqlinstances,No,No,No
microsoft.azuredata,sqlmanagedinstances,No,No,No
microsoft.azuredata,sqlserverinstances,No,No,No
microsoft.azuredata,sqlserverregistrations,Yes,Yes,No
microsoft.azurestack,cloudmanifestfiles,No,No,No
microsoft.azurestack,registrations,Yes,Yes,No
microsoft.azurestackhci,clusters,No,No,No
microsoft.batch,batchaccounts,Yes,Yes,
microsoft.billing,billingaccounts,No,No,No
microsoft.billing,billingperiods,No,No,No
microsoft.billing,billingpermissions,No,No,No
microsoft.billing,billingproperty,No,No,No
microsoft.billing,billingroleassignments,No,No,No
microsoft.billing,billingroledefinitions,No,No,No
microsoft.billing,departments,No,No,No
microsoft.billing,enrollmentaccounts,No,No,No
microsoft.billing,invoices,No,No,No
microsoft.billing,transfers,No,No,No
microsoft.bingmaps,mapapis,No,No,No
microsoft.biztalkservices,biztalk,No,No,No
microsoft.blockchain,blockchainmembers,No,No,No
microsoft.blockchain,cordamembers,No,No,No
microsoft.blockchain,watchers,No,No,No
microsoft.blockchaintokens,tokenservices,No,No,No
microsoft.blueprint,blueprintassignments,No,No,No
microsoft.blueprint,blueprints,No,No,No
microsoft.botservice,botservices,Yes,Yes,No
microsoft.cache,redis,Yes,Yes,No
microsoft.cache,redisenterprise,No,No,No
microsoft.capacity,appliedreservations,No,No,No
microsoft.capacity,calculateexchange,No,No,No
microsoft.capacity,calculateprice,No,No,No
microsoft.capacity,calculatepurchaseprice,No,No,No
microsoft.capacity,catalogs,No,No,No
microsoft.capacity,commercialreservationorders,No,No,No
microsoft.capacity,exchange,No,No,No
microsoft.capacity,reservationorders,No,No,No
microsoft.capacity,reservations,No,No,No
microsoft.capacity,resources,No,No,No
microsoft.capacity,validatereservationorder,No,No,No
microsoft.cdn,cdnwebapplicationfirewallmanagedrulesets,No,No,No
microsoft.cdn,cdnwebapplicationfirewallpolicies,Yes,Yes,No
microsoft.cdn,edgenodes,No,No,No
microsoft.cdn,profiles,Yes,Yes,No
microsoft.cdn,profiles/endpoints,Yes,Yes,No
microsoft.certificateregistration,certificateorders,Yes,Yes,No
microsoft.classiccompute,capabilities,No,No,No
microsoft.classiccompute,domainnames,Yes,No,No
microsoft.classiccompute,quotas,No,No,No
microsoft.classiccompute,resourcetypes,No,No,No
microsoft.classiccompute,validatesubscriptionmoveavailability,No,No,No
microsoft.classiccompute,virtualmachines,Yes,Yes,No
microsoft.classicinfrastructuremigrate,classicinfrastructureresources,No,No,No
microsoft.classicnetwork,capabilities,No,No,No
microsoft.classicnetwork,expressroutecrossconnections,No,No,No
microsoft.classicnetwork,expressroutecrossconnections/peerings,No,No,No
microsoft.classicnetwork,gatewaysupporteddevices,No,No,No
microsoft.classicnetwork,networksecuritygroups,No,No,No
microsoft.classicnetwork,quotas,No,No,No
microsoft.classicnetwork,reservedips,No,No,No
microsoft.classicnetwork,virtualnetworks,No,No,No
microsoft.classicstorage,disks,No,No,No
microsoft.classicstorage,images,No,No,No
microsoft.classicstorage,osimages,No,No,No
microsoft.classicstorage,osplatformimages,No,No,No
microsoft.classicstorage,publicimages,No,No,No
microsoft.classicstorage,quotas,No,No,No
microsoft.classicstorage,storageaccounts,Yes,No,Yes
microsoft.classicstorage,vmimages,No,No,No
microsoft.classicsubscription,operations,No,No,No
microsoft.cognitiveservices,accounts,Yes,Yes,No
microsoft.cognitiveservices,cognitive search,Yes,Yes,
microsoft.commerce,ratecard,No,No,No
microsoft.commerce,usageaggregates,No,No,No
microsoft.communication,communicationservices,Yes,Yes,No
microsoft.compute,availabilitysets,Yes,Yes,Yes
microsoft.compute,diskaccesses,No,No,No
microsoft.compute,diskencryptionsets,No,No,No
microsoft.compute,disks,Yes,Yes,Yes
microsoft.compute,galleries,No,No,No
microsoft.compute,galleries/images,No,No,No
microsoft.compute,galleries/images/versions,No,No,No
microsoft.compute,hostgroups,No,No,No
microsoft.compute,hostgroups/hosts,No,No,No
microsoft.compute,images,Yes,Yes,No
microsoft.compute,proximityplacementgroups,Yes,Yes,No
microsoft.compute,restorepointcollections,No,No,No
microsoft.compute,restorepointcollections/restorepoints,No,No,No
microsoft.compute,sharedvmextensions,No,No,No
microsoft.compute,sharedvmimages,No,No,No
microsoft.compute,sharedvmimages/versions,No,No,No
microsoft.compute,snapshots,Yes,Yes,No
microsoft.compute,sshpublickeys,No,No,No
microsoft.compute,virtualmachines,Yes,Yes,Yes
microsoft.compute,virtualmachines/extensions,Yes,Yes,No
microsoft.compute,virtualmachinescalesets,Yes,Yes,No
microsoft.compute,capabilities,No,No,No
microsoft.compute,domainnames,Yes,No,No
microsoft.compute,quotas,No,No,No
microsoft.compute,resourcetypes,No,No,No
microsoft.compute,validatesubscriptionmoveavailability,No,No,No
microsoft.compute,virtualmachines,Yes,Yes,No
microsoft.confluent,organizations,No,No,No
microsoft.consumption,aggregatedcost,No,No,No
microsoft.consumption,balances,No,No,No
microsoft.consumption,budgets,No,No,No
microsoft.consumption,charges,No,No,No
microsoft.consumption,costtags,No,No,No
microsoft.consumption,credits,No,No,No
microsoft.consumption,events,No,No,No
microsoft.consumption,forecasts,No,No,No
microsoft.consumption,lots,No,No,No
microsoft.consumption,marketplaces,No,No,No
microsoft.consumption,pricesheets,No,No,No
microsoft.consumption,products,No,No,No
microsoft.consumption,reservationdetails,No,No,No
microsoft.consumption,reservationrecommendationdetails,No,No,No
microsoft.consumption,reservationrecommendations,No,No,No
microsoft.consumption,reservationsummaries,No,No,No
microsoft.consumption,reservationtransactions,No,No,No
microsoft.consumption,tags,No,No,No
microsoft.consumption,tenants,No,No,No
microsoft.consumption,terms,No,No,No
microsoft.consumption,usagedetails,No,No,No
microsoft.containerinstance,containergroups,No,No,No
microsoft.containerinstance,serviceassociationlinks,No,No,No
microsoft.containerregistry,registries,Yes,Yes,No
microsoft.containerregistry,registries/agentpools,Yes,Yes,No
microsoft.containerregistry,registries/buildtasks,Yes,Yes,No
microsoft.containerregistry,registries/replications,Yes,Yes,No
microsoft.containerregistry,registries/tasks,Yes,Yes,No
microsoft.containerregistry,registries/webhooks,Yes,Yes,No
microsoft.containerservice,containerservices,No,No,No
microsoft.containerservice,managedclusters,No,No,No
microsoft.containerservice,openshiftmanagedclusters,No,No,No
microsoft.contentmoderator,applications,No,No,No
microsoft.cortanaanalytics,accounts,No,No,No
microsoft.costmanagement,alerts,No,No,No
microsoft.costmanagement,billingaccounts,No,No,No
microsoft.costmanagement,budgets,No,No,No
microsoft.costmanagement,cloudconnectors,No,No,No
microsoft.costmanagement,connectors,Yes,Yes,No
microsoft.costmanagement,departments,No,No,No
microsoft.costmanagement,dimensions,No,No,No
microsoft.costmanagement,enrollmentaccounts,No,No,No
microsoft.costmanagement,exports,No,No,No
microsoft.costmanagement,externalbillingaccounts,No,No,No
microsoft.costmanagement,forecast,No,No,No
microsoft.costmanagement,query,No,No,No
microsoft.costmanagement,register,No,No,No
microsoft.costmanagement,reportconfigs,No,No,No
microsoft.costmanagement,reports,No,No,No
microsoft.costmanagement,settings,No,No,No
microsoft.costmanagement,showbackrules,No,No,No
microsoft.costmanagement,views,No,No,No
microsoft.customerinsights,hubs,No,No,No
microsoft.customerlockbox,requests,No,No,No
microsoft.customproviders,associations,No,No,No
microsoft.customproviders,resourceproviders,Yes,Yes,No
microsoft.databox,jobs,No,No,No
microsoft.databoxedge,availableskus,No,No,No
microsoft.databoxedge,databoxedgedevices,No,No,No
microsoft.databricks,workspaces,No,No,No
microsoft.databricks,accessconnectors,No,No,No
microsoft.datacatalog,catalogs,Yes,Yes,No
microsoft.datacatalog,datacatalogs,No,No,No
microsoft.dataconnect,connectionmanagers,No,No,No
microsoft.datadog,monitors,No,No,No
microsoft.dataexchange,packages,No,No,No
microsoft.dataexchange,plans,No,No,No
microsoft.datafactory,datafactories,Yes,Yes,No
microsoft.datafactory,factories,Yes,Yes,No
microsoft.datalake,datalakeaccounts,No,No,No
microsoft.datalakeanalytics,accounts,Yes,Yes,No
microsoft.datalakestore,accounts,Yes,Yes,No
microsoft.datamigration,services,No,No,No
microsoft.datamigration,services/projects,No,No,No
microsoft.datamigration,slots,No,No,No
microsoft.datamigration,sqlmigrationservices,No,No,No
microsoft.dataprotection,backupvaults,Yes,Yes,No
microsoft.datashare,accounts,Yes,Yes,No
microsoft.dbformariadb,servers,Yes,Yes,
microsoft.dbformysql,flexibleservers,Yes,Yes,No
microsoft.dbformysql,servers,Yes,Yes,
microsoft.dbforpostgresql,flexibleservers,Yes,Yes,No
microsoft.dbforpostgresql,servergroups,No,No,No
microsoft.dbforpostgresql,servers,Yes,Yes,
microsoft.dbforpostgresql,serversv2,Yes,Yes,No
microsoft.deploymentmanager,artifactsources,Yes,Yes,No
microsoft.deploymentmanager,rollouts,Yes,Yes,No
microsoft.deploymentmanager,servicetopologies,Yes,Yes,No
microsoft.deploymentmanager,servicetopologies/services,Yes,Yes,No
microsoft.deploymentmanager,servicetopologies/services/serviceunits,Yes,Yes,No
microsoft.deploymentmanager,steps,Yes,Yes,No
microsoft.desktopvirtualization,applicationgroups,Yes,Yes,No
microsoft.desktopvirtualization,hostpools,Yes,Yes,No
microsoft.desktopvirtualization,scalingplans,Yes,Yes,No
microsoft.desktopvirtualization,workspaces,Yes,Yes,No
microsoft.desktopvirtualization,appattachpackages,Yes,Yes,No
microsoft.devices,elasticpools,No,No,No
microsoft.devices,elasticpools/iothubtenants,No,No,No
microsoft.devices,iothubs,Yes,Yes,Yes
microsoft.devices,provisioningservices,Yes,Yes,No
microsoft.devops,pipelines,Yes,Yes,No
microsoft.devops,controllers,,,No
microsoft.devspaces,controllers,Yes,Yes,No
microsoft.devspaces,aks cluster,,,No
microsoft.devtestlab,labcenters,No,No,No
microsoft.devtestlab,labs,Yes,No,No
microsoft.devtestlab,labs/environments,Yes,No,No
microsoft.devtestlab,labs/servicerunners,Yes,No,No
microsoft.devtestlab,labs/virtualmachines,Yes,No,No
microsoft.devtestlab,schedules,Yes,Yes,No
microsoft.digitaltwins,digitaltwinsinstances,No,No,Yes
microsoft.documentdb,databaseaccounts,Yes,Yes,No
microsoft.documentdb,mongoclusters,No,No,No
microsoft.documentdb,cassandraclusters,No,No,No
microsoft.domainregistration,domains,Yes,Yes,No
microsoft.domainregistration,generatessorequest,No,No,No
microsoft.domainregistration,topleveldomains,No,No,No
microsoft.domainregistration,validatedomainregistrationinformation,No,No,No
microsoft.elastic,monitors,No,No,No
microsoft.enterpriseknowledgegraph,services,Yes,Yes,No
microsoft.eventgrid,domains,Yes,Yes,No
microsoft.eventgrid,eventsubscriptions,No,No,No
microsoft.eventgrid,extensiontopics,No,No,No
microsoft.eventgrid,partnernamespaces,Yes,Yes,No
microsoft.eventgrid,partnerregistrations,No,No,No
microsoft.eventgrid,partnertopics,Yes,Yes,No
microsoft.eventgrid,systemtopics,Yes,Yes,No
microsoft.eventgrid,topics,Yes,Yes,No
microsoft.eventgrid,topictypes,No,No,No
microsoft.eventhub,clusters,Yes,Yes,No
microsoft.eventhub,namespaces,Yes,Yes,Yes
microsoft.eventhub,sku,No,No,No
microsoft.experimentation,experimentworkspaces,No,No,No
microsoft.extendedlocation,customlocations,No,No,No
microsoft.falcon,namespaces,Yes,Yes,No
microsoft.features,featureproviders,No,No,No
microsoft.features,features,No,No,No
microsoft.features,providers,No,No,No
microsoft.features,subscriptionfeatureregistrations,No,No,No
microsoft.genomics,accounts,No,No,No
microsoft.guestconfiguration,automanagedaccounts,No,No,No
microsoft.guestconfiguration,automanagedvmconfigurationprofiles,No,No,No
microsoft.guestconfiguration,guestconfigurationassignments,No,No,No
microsoft.guestconfiguration,software,No,No,No
microsoft.guestconfiguration,softwareupdateprofile,No,No,No
microsoft.guestconfiguration,softwareupdates,No,No,No
microsoft.hanaonazure,hanainstances,No,No,No
microsoft.hanaonazure,sapmonitors,No,No,No
microsoft.hardwaresecuritymodules,dedicatedhsms,No,No,No
microsoft.hdinsight,clusters,Yes,Yes,No
microsoft.healthcareapis,services,Yes,Yes,No
microsoft.hybridcompute,licenses,Yes,Yes,No
microsoft.hybridcompute,machines,Yes,Yes,No
microsoft.hybridcompute,machines/extensions,Yes,Yes,No
microsoft.hybridcompute,privatelinkscopes,Yes,Yes,No
microsoft.hybriddata,datamanagers,Yes,Yes,No
microsoft.hybridnetwork,devices,No,No,No
microsoft.hybridnetwork,vnfs,No,No,No
microsoft.hydra,components,No,No,No
microsoft.hydra,networkscopes,No,No,No
microsoft.importexport,jobs,Yes,Yes,No
microsoft.insights,accounts,Yes,Yes,No
microsoft.insights,actiongroups,Yes,Yes,No
microsoft.insights,activitylogalerts,No,No,No
microsoft.insights,alertrules,Yes,Yes,No
microsoft.insights,autoscalesettings,Yes,Yes,No
microsoft.insights,baseline,No,No,No
microsoft.insights,components,Yes,Yes,No
microsoft.insights,datacollectionrules,No,No,No
microsoft.insights,diagnosticsettings,No,No,No
microsoft.insights,diagnosticsettingscategories,No,No,No
microsoft.insights,eventcategories,No,No,No
microsoft.insights,eventtypes,No,No,No
microsoft.insights,extendeddiagnosticsettings,No,No,No
microsoft.insights,guestdiagnosticsettings,No,No,No
microsoft.insights,listmigrationdate,No,No,No
microsoft.insights,logdefinitions,No,No,No
microsoft.insights,logprofiles,No,No,No
microsoft.insights,logs,No,No,No
microsoft.insights,metricalerts,No,No,No
microsoft.insights,metricbaselines,No,No,No
microsoft.insights,metricbatch,No,No,No
microsoft.insights,metricdefinitions,No,No,No
microsoft.insights,metricnamespaces,No,No,No
microsoft.insights,metrics,No,No,No
microsoft.insights,migratealertrules,No,No,No
microsoft.insights,migratetonewpricingmodel,No,No,No
microsoft.insights,myworkbooks,No,No,No
microsoft.insights,notificationgroups,No,No,No
microsoft.insights,privatelinkscopes,No,No,No
microsoft.insights,rollbacktolegacypricingmodel,No,No,No
microsoft.insights,scheduledqueryrules,Yes,Yes,No
microsoft.insights,topology,No,No,No
microsoft.insights,transactions,No,No,No
microsoft.insights,vminsightsonboardingstatuses,No,No,No
microsoft.insights,webtests,Yes,Yes,No
microsoft.insights,webtests/gettestresultfile,No,No,No
microsoft.insights,workbooks,Yes,Yes,No
microsoft.insights,workbooktemplates,Yes,Yes,No
microsoft.iotcentral,apptemplates,No,No,No
microsoft.iotcentral,iotapps,Yes,Yes,No
microsoft.iothub,iothub,Yes,Yes,Yes
microsoft.iotspaces,graph,Yes,Yes,No
microsoft.keyvault,deletedvaults,No,No,No
microsoft.keyvault,hsmpools,No,No,No
microsoft.keyvault,managedhsms,No,No,No
microsoft.keyvault,vaults,Yes,Yes,No
microsoft.kubernetes,connectedclusters,No,No,No
microsoft.kubernetes,registeredsubscriptions,No,No,No
microsoft.kubernetesconfiguration,sourcecontrolconfigurations,No,No,No
microsoft.kusto,clusters,Yes,Yes,No
microsoft.labservices,labaccounts,No,No,No
microsoft.labservices,users,No,No,No
microsoft.loadtestservice,loadtests,Yes,Yes,No
microsoft.locationbasedservices,accounts,No,No,No
microsoft.locationservices,accounts,No,No,No
microsoft.logic,hostingenvironments,No,No,No
microsoft.logic,integrationaccounts,Yes,Yes,No
microsoft.logic,integrationserviceenvironments,Yes,No,No
microsoft.logic,integrationserviceenvironments/managedapis,Yes,No,No
microsoft.logic,isolatedenvironments,No,No,No
microsoft.logic,workflows,Yes,Yes,No
microsoft.machinelearning,commitmentplans,No,No,No
microsoft.machinelearning,webservices,Yes,No,No
microsoft.machinelearning,workspaces,Yes,Yes,No
microsoft.machinelearningcompute,operationalizationclusters,No,No,No
microsoft.machinelearningexperimentation,accounts,No,No,No
microsoft.machinelearningexperimentation,teamaccounts,No,No,No
microsoft.machinelearningmodelmanagement,accounts,No,No,No
microsoft.machinelearningservices,workspaces,No,No,No
microsoft.maintenance,configurationassignments,No,No,Yes
microsoft.maintenance,maintenanceconfigurations,Yes,Yes,Yes
microsoft.maintenance,updates,No,No,No
microsoft.maintenance,configurationassignments,No,No,No
microsoft.maintenance,maintenanceconfigurations,No,No,No
microsoft.maintenance,updates,No,No,No
microsoft.managedidentity,identities,No,No,No
microsoft.managedidentity,userassignedidentities,No,No,No
microsoft.managednetwork,managednetworks,No,No,No
microsoft.managednetwork,managednetworks/managednetworkgroups,No,No,No
microsoft.managednetwork,managednetworks/managednetworkpeeringpolicies,No,No,No
microsoft.managednetwork,notification,No,No,No
microsoft.managedservices,marketplaceregistrationdefinitions,No,No,No
microsoft.managedservices,registrationassignments,No,No,No
microsoft.managedservices,registrationdefinitions,No,No,No
microsoft.management,getentities,No,No,No
microsoft.management,managementgroups,No,No,No
microsoft.management,managementgroups/settings,No,No,No
microsoft.management,resources,No,No,No
microsoft.management,starttenantbackfill,No,No,No
microsoft.management,tenantbackfillstatus,No,No,No
microsoft.maps,accounts,Yes,Yes,No
microsoft.maps,accounts/privateatlases,Yes,Yes,No
microsoft.marketplace,offers,No,No,No
microsoft.marketplace,offertypes,No,No,No
microsoft.marketplace,privategalleryitems,No,No,No
microsoft.marketplace,privatestoreclient,No,No,No
microsoft.marketplace,privatestores,No,No,No
microsoft.marketplace,products,No,No,No
microsoft.marketplace,publishers,No,No,No
microsoft.marketplace,register,No,No,No
microsoft.marketplaceapps,classicdevservices,No,No,No
microsoft.marketplaceordering,agreements,No,No,No
microsoft.marketplaceordering,offertypes,No,No,No
microsoft.media,mediaservices,Yes,Yes,No
microsoft.media,mediaservices/liveevents,Yes,Yes,No
microsoft.media,mediaservices/streamingendpoints,Yes,Yes,No
microsoft.microservices4spring,appclusters,No,No,No
microsoft.migrate,assessmentprojects,No,No,No
microsoft.migrate,migrateprojects,No,No,No
microsoft.migrate,movecollections,No,No,No
microsoft.migrate,projects,No,No,No
microsoft.mixedreality,remoterenderingaccounts,Yes,Yes,No
microsoft.mobilenetwork,mobilenetworks,No,No,Yes
microsoft.mobilenetwork,mobilenetworks/datanetworks,No,No,Yes
microsoft.mobilenetwork,mobilenetworks/simpolicies,No,No,Yes
microsoft.mobilenetwork,mobilenetworks/sites,No,No,Yes
microsoft.mobilenetwork,mobilenetworks/slices,No,No,Yes
microsoft.mobilenetwork,packetcorecontrolplanes,No,No,Yes
microsoft.mobilenetwork,packetcorecontrolplanes/packetcoredataplanes,No,No,Yes
microsoft.mobilenetwork,packetcorecontrolplanes/packetcoredataplanes/attacheddatanetworks,No,No,Yes
microsoft.mobilenetwork,sims,No,No,Yes
microsoft.mobilenetwork,simgroups,No,No,Yes
microsoft.mobilenetwork,simgroups/sims,No,No,Yes
microsoft.mobilenetwork,packetcorecontrolplaneversions,No,No,Yes
microsoft.netapp,netappaccounts,No,No,No
microsoft.netapp,netappaccounts/capacitypools,No,No,No
microsoft.netapp,netappaccounts/capacitypools/volumes,No,No,No
microsoft.netapp,netappaccounts/capacitypools/volumes/mounttargets,No,No,No
microsoft.netapp,netappaccounts/capacitypools/volumes/snapshots,No,No,No
microsoft.network,applicationgateways,No,No,No
microsoft.network,applicationgatewaywebapplicationfirewallpolicies,No,No,No
microsoft.network,applicationsecuritygroups,Yes,Yes,No
microsoft.network,azurefirewalls,No,No,No
microsoft.network,bastionhosts,Yes,No,No
microsoft.network,bgpservicecommunities,No,No,No
microsoft.network,connections,Yes,Yes,No
microsoft.network,ddoscustompolicies,Yes,Yes,No
microsoft.network,ddosprotectionplans,No,No,No
microsoft.network,dnszones,Yes,Yes,No
microsoft.network,expressroutecircuits,No,No,No
microsoft.network,expressroutegateways,No,No,No
microsoft.network,expressrouteserviceproviders,No,No,No
microsoft.network,firewallpolicies,No,No,No
microsoft.network,frontdoors,No,No,No
microsoft.network,ipallocations,Yes,Yes,No
microsoft.network,ipgroups,No,No,No
microsoft.network,loadbalancers,Yes,Yes,Yes
microsoft.network,localnetworkgateways,Yes,Yes,No
microsoft.network,natgateways,No,No,No
microsoft.network,networkexperimentprofiles,No,No,No
microsoft.network,networkintentpolicies,Yes,Yes,No
microsoft.network,networkinterfaces,Yes,Yes,Yes
microsoft.network,networkprofiles,No,No,No
microsoft.network,networksecuritygroups,Yes,Yes,Yes
microsoft.network,networkwatchers,Yes,No,No
microsoft.network,networkwatchers/connectionmonitors,Yes,No,No
microsoft.network,networkwatchers/flowlogs,Yes,No,No
microsoft.network,networkwatchers/pingmeshes,Yes,No,No
microsoft.network,p2svpngateways,No,No,No
microsoft.network,privatednszones,Yes,Yes,No
microsoft.network,privatednszones/virtualnetworklinks,Yes,Yes,No
microsoft.network,privatednszonesinternal,No,No,No
microsoft.network,privateendpointredirectmaps,No,No,No
microsoft.network,privateendpoints,Yes,Yes,No
microsoft.network,privatelinkservices,No,No,No
microsoft.network,publicipaddresses,Yes,Yes,No
microsoft.network,publicipprefixes,Yes,Yes,No
microsoft.network,routefilters,No,No,No
microsoft.network,routetables,Yes,Yes,No
microsoft.network,securitypartnerproviders,Yes,Yes,No
microsoft.network,serviceendpointpolicies,Yes,Yes,No
microsoft.network,trafficmanagergeographichierarchies,No,No,No
microsoft.network,trafficmanagerprofiles,Yes,Yes,No
microsoft.network,trafficmanagerprofiles/heatmaps,No,No,No
microsoft.network,trafficmanagerusermetricskeys,No,No,No
microsoft.network,virtualhubs,No,No,No
microsoft.network,virtualnetworkgateways,No,No,No
microsoft.network,virtualnetworks,Yes,Yes,Yes
microsoft.network,virtualnetworktaps,No,No,No
microsoft.network,virtualrouters,Yes,Yes,No
microsoft.network,vpngateways (virtual wan),No,No,No
microsoft.network,vpnserverconfigurations,No,No,No
microsoft.network,vpnsites (virtual wan),No,No,No
microsoft.notificationhubs,namespaces,Yes,Yes,No
microsoft.notificationhubs,namespaces/notificationhubs,Yes,Yes,No
microsoft.objectstore,osnamespaces,Yes,Yes,No
microsoft.offazure,hypervsites,No,No,No
microsoft.offazure,importsites,No,No,No
microsoft.offazure,mastersites,No,No,No
microsoft.offazure,serversites,No,No,No
microsoft.offazure,vmwaresites,No,No,No
microsoft.operationalinsights,clusters,No,No,No
microsoft.operationalinsights,deletedworkspaces,No,No,No
microsoft.operationalinsights,linktargets,No,No,No
microsoft.operationalinsights,storageinsightconfigs,No,No,No
microsoft.operationalinsights,workspaces,Yes,Yes,No
microsoft.operationalinsights,querypacks,No,No,No
microsoft.operationsmanagement,managementassociations,No,No,No
microsoft.operationsmanagement,managementconfigurations,Yes,Yes,No
microsoft.operationsmanagement,solutions,Yes,Yes,No
microsoft.operationsmanagement,views,Yes,Yes,No
microsoft.peering,legacypeerings,No,No,No
microsoft.peering,peerasns,No,No,No
microsoft.peering,peeringlocations,No,No,No
microsoft.peering,peerings,Yes,Yes,No
microsoft.peering,peeringservicecountries,No,No,No
microsoft.peering,peeringservicelocations,No,No,No
microsoft.peering,peeringserviceproviders,No,No,No
microsoft.peering,peeringservices,Yes,Yes,No
microsoft.policyinsights,policyevents,No,No,No
microsoft.policyinsights,policystates,No,No,No
microsoft.policyinsights,policytrackedresources,No,No,No
microsoft.policyinsights,remediations,No,No,No
microsoft.portal,consoles,No,No,No
microsoft.portal,dashboards,Yes,Yes,No
microsoft.portal,usersettings,No,No,No
microsoft.powerbi,workspacecollections,Yes,Yes,No
microsoft.powerbidedicated,capacities,Yes,Yes,No
microsoft.programmableconnectivity,gateways,No,No,No
microsoft.programmableconnectivity,openapigatewayofferings,No,No,No
microsoft.programmableconnectivity,openapigateways,No,No,No
microsoft.programmableconnectivity,operatorapiconnections,No,No,No
microsoft.programmableconnectivity,operatorapiplans,No,No,No
microsoft.programmableconnectivity,operatorconnections,No,No,No
microsoft.programmableconnectivity,operatorofferings,No,No,No
microsoft.projectbabylon,accounts,No,No,No
microsoft.purview,accounts,Yes,Yes,No
microsoft.providerhub,availableaccounts,No,No,No
microsoft.providerhub,providerregistrations,No,No,No
microsoft.providerhub,rollouts,No,No,No
microsoft.quantum,workspaces,No,No,No
microsoft.recoveryservices,replicationeligibilityresults,No,No,No
microsoft.recoveryservices,vaults,Yes,Yes,No
microsoft.redhatopenshift,openshiftclusters,No,No,No
microsoft.relay,namespaces,Yes,Yes,No
microsoft.resourcegraph,queries,Yes,Yes,No
microsoft.resourcegraph,resourcechangedetails,No,No,No
microsoft.resourcegraph,resourcechanges,No,No,No
microsoft.resourcegraph,resources,No,No,No
microsoft.resourcegraph,resourceshistory,No,No,No
microsoft.resourcegraph,subscriptionsstatus,No,No,No
microsoft.resourcehealth,childresources,No,No,No
microsoft.resourcehealth,emergingissues,No,No,No
microsoft.resourcehealth,events,No,No,No
microsoft.resourcehealth,metadata,No,No,No
microsoft.resourcehealth,notifications,No,No,No
microsoft.resources,deployments,No,No,No
microsoft.resources,deploymentscripts,No,No,Yes
microsoft.resources,deploymentscripts/logs,No,No,No
microsoft.resources,links,No,No,No
microsoft.resources,providers,No,No,No
microsoft.resources,resourcegroups,No,No,No
microsoft.resources,resources,No,No,No
microsoft.resources,subscriptions,No,No,No
microsoft.resources,tags,No,No,No
microsoft.resources,templatespecs,No,No,
microsoft.resources,templatespecs/versions,No,No,No
microsoft.resources,tenants,No,No,No
microsoft.saas,applications,Yes,No,No
microsoft.saas,resources,Yes,Yes,No
microsoft.saas,saasresources,No,No,No
microsoft.search,resourcehealthmetadata,No,No,No
microsoft.search,searchservices,Yes,Yes,No
microsoft.security,adaptivenetworkhardenings,No,No,No
microsoft.security,advancedthreatprotectionsettings,No,No,No
microsoft.security,alerts,No,No,No
microsoft.security,allowedconnections,No,No,No
microsoft.security,applicationwhitelistings,No,No,No
microsoft.security,assessmentmetadata,No,No,No
microsoft.security,assessments,No,No,No
microsoft.security,autodismissalertsrules,No,No,No
microsoft.security,automations,Yes,Yes,No
microsoft.security,autoprovisioningsettings,No,No,No
microsoft.security,complianceresults,No,No,No
microsoft.security,compliances,No,No,No
microsoft.security,datacollectionagents,No,No,No
microsoft.security,devicesecuritygroups,No,No,No
microsoft.security,discoveredsecuritysolutions,No,No,No
microsoft.security,externalsecuritysolutions,No,No,No
microsoft.security,informationprotectionpolicies,No,No,No
microsoft.security,iotsecuritysolutions,Yes,Yes,No
microsoft.security,iotsecuritysolutions/analyticsmodels,No,No,No
microsoft.security,iotsecuritysolutions/analyticsmodels/aggregatedalerts,No,No,No
microsoft.security,iotsecuritysolutions/analyticsmodels/aggregatedrecommendations,No,No,No
microsoft.security,jitnetworkaccesspolicies,No,No,No
microsoft.security,policies,No,No,No
microsoft.security,pricings,No,No,No
microsoft.security,regulatorycompliancestandards,No,No,No
microsoft.security,regulatorycompliancestandards/regulatorycompliancecontrols,No,No,No
microsoft.security,regulatorycompliancestandards/regulatorycompliancecontrols/regulatorycomplianceassessments,No,No,No
microsoft.security,securitycontacts,No,No,No
microsoft.security,securitysolutions,No,No,No
microsoft.security,securitysolutionsreferencedata,No,No,No
microsoft.security,securitystatuses,No,No,No
microsoft.security,securitystatusessummaries,No,No,No
microsoft.security,servervulnerabilityassessments,No,No,No
microsoft.security,settings,No,No,No
microsoft.security,subassessments,No,No,No
microsoft.security,tasks,No,No,No
microsoft.security,topologies,No,No,No
microsoft.security,workspacesettings,No,No,No
microsoft.securityinsights,aggregations,No,No,No
microsoft.securityinsights,alertrules,No,No,No
microsoft.securityinsights,alertruletemplates,No,No,No
microsoft.securityinsights,automationrules,No,No,No
microsoft.securityinsights,bookmarks,No,No,No
microsoft.securityinsights,cases,No,No,No
microsoft.securityinsights,dataconnectors,No,No,No
microsoft.securityinsights,entities,No,No,No
microsoft.securityinsights,entityqueries,No,No,No
microsoft.securityinsights,incidents,No,No,No
microsoft.securityinsights,officeconsents,No,No,No
microsoft.securityinsights,settings,No,No,No
microsoft.securityinsights,threatintelligence,No,No,No
microsoft.serialconsole,consoleservices,No,No,No
microsoft.servermanagement,gateways,No,No,No
microsoft.servermanagement,nodes,No,No,No
microsoft.servicebus,namespaces,Yes,Yes,Yes
microsoft.servicebus,premiummessagingregions,No,No,No
microsoft.servicebus,sku,No,No,No
microsoft.servicefabric,applications,No,No,No
microsoft.servicefabric,clusters,Yes,Yes,No
microsoft.servicefabric,containergroups,No,No,No
microsoft.servicefabric,containergroupsets,No,No,No
microsoft.servicefabric,edgeclusters,No,No,No
microsoft.servicefabric,managedclusters,No,No,No
microsoft.servicefabric,networks,No,No,No
microsoft.servicefabric,secretstores,No,No,No
microsoft.servicefabric,volumes,No,No,No
microsoft.servicefabricmesh,applications,Yes,Yes,No
microsoft.servicefabricmesh,containergroups,No,No,No
microsoft.servicefabricmesh,gateways,Yes,Yes,No
microsoft.servicefabricmesh,networks,Yes,Yes,No
microsoft.servicefabricmesh,secrets,Yes,Yes,No
microsoft.servicefabricmesh,volumes,Yes,Yes,No
microsoft.servicenetworking,trafficcontrollers,No,No,No
microsoft.servicenetworking,associations,No,No,No
microsoft.servicenetworking,frontends,No,No,No
microsoft.services,rollouts,No,No,No
microsoft.signalrservice,signalr,Yes,Yes,No
microsoft.softwareplan,hybridusebenefits,No,No,No
microsoft.solutions,applicationdefinitions,No,No,No
microsoft.solutions,applications,No,No,No
microsoft.solutions,jitrequests,No,No,No
microsoft.sql,instancepools,No,No,No
microsoft.sql,locations,Yes,Yes,No
microsoft.sql,managedinstances,No,No,Yes
microsoft.sql,managedinstances/databases,No,No,Yes
microsoft.sql,servers,Yes,Yes,Yes
microsoft.sql,servers/databases,Yes,Yes,Yes
microsoft.sql,servers/databases/backuplongtermretentionpolicies,Yes,Yes,No
microsoft.sql,servers/elasticpools,Yes,Yes,Yes
microsoft.sql,servers/jobaccounts,Yes,Yes,No
microsoft.sql,servers/jobagents,Yes,Yes,No
microsoft.sql,virtualclusters,No,No,No
microsoft.sqlvirtualmachine,sqlvirtualmachinegroups,No,No,No
microsoft.sqlvirtualmachine,sqlvirtualmachines,No,No,No
microsoft.storage,storageaccounts,Yes,Yes,
microsoft.storagecache,caches,No,No,No
microsoft.storagesync,storagesyncservices,Yes,Yes,No
microsoft.storagesyncdev,storagesyncservices,No,No,No
microsoft.storagesyncint,storagesyncservices,No,No,No
microsoft.storsimple,managers,No,No,No
microsoft.streamanalytics,clusters,No,No,No
microsoft.streamanalytics,streamingjobs,Yes,Yes,No
microsoft.streamanalyticsexplorer,environments,No,No,No
microsoft.streamanalyticsexplorer,instances,No,No,No
microsoft.subscription,subscriptions,No,No,No
microsoft.support,services,No,No,No
microsoft.support,supporttickets,No,No,No
microsoft.synapse,workspaces,No,No,No
microsoft.synapse,workspaces/bigdatapools,No,No,No
microsoft.synapse,workspaces/sqlpools,No,No,No
microsoft.timeseriesinsights,environments,Yes,Yes,No
microsoft.timeseriesinsights,environments/eventsources,Yes,Yes,No
microsoft.timeseriesinsights,environments/referencedatasets,Yes,Yes,No
microsoft.token,stores,Yes,Yes,No
microsoft.virtualmachineimages,imagetemplates,No,No,No
microsoft.visualstudio,account,No,No,No
microsoft.visualstudio,account/extension,No,No,No
microsoft.visualstudio,account/project,No,No,No
microsoft.vmware,arczones,No,No,No
microsoft.vmware,resourcepools,No,No,No
microsoft.vmware,vcenters,No,No,No
microsoft.vmware,virtualmachines,No,No,No
microsoft.vmware,virtualmachinetemplates,No,No,No
microsoft.vmware,virtualnetworks,No,No,No
microsoft.vmwarecloudsimple,dedicatedcloudnodes,No,No,No
microsoft.vmwarecloudsimple,dedicatedcloudservices,No,No,No
microsoft.vmwarecloudsimple,virtualmachines,No,No,No
microsoft.vnfmanager,devices,No,No,No
microsoft.vnfmanager,vnfs,No,No,No
microsoft.vsonline,accounts,No,No,No
microsoft.vsonline,plans,No,No,No
microsoft.vsonline,registeredsubscriptions,No,No,No
microsoft.web,availablestacks,No,No,No
microsoft.web,billingmeters,No,No,No
microsoft.web,certificates,No,Yes,No
microsoft.web,certificates (managed),No,No,No
microsoft.web,connectiongateways,Yes,Yes,No
microsoft.web,connections,Yes,Yes,No
microsoft.web,customapis,Yes,Yes,No
microsoft.web,deletedsites,No,No,No
microsoft.web,deploymentlocations,No,No,No
microsoft.web,georegions,No,No,No
microsoft.web,hostingenvironments,No,No,No
microsoft.web,kubeenvironments,Yes,Yes,No
microsoft.web,publishingusers,No,No,No
microsoft.web,recommendations,No,No,No
microsoft.web,resourcehealthmetadata,No,No,No
microsoft.web,runtimes,No,No,No
microsoft.web,serverfarms,Yes,Yes,No
microsoft.web,serverfarms/eventgridfilters,No,No,No
microsoft.web,sites,Yes,Yes,No
microsoft.web,sites/premieraddons,Yes,Yes,No
microsoft.web,sites/slots,Yes,Yes,No
microsoft.web,sourcecontrols,No,No,No
microsoft.web,staticsites,Yes,Yes,No
microsoft.windowsesu,multipleactivationkeys,No,No,No
microsoft.windowsiot,deviceservices,No,No,No
microsoft.workloadbuilder,workloads,No,No,No
microsoft.workloadmonitor,components,No,No,No
microsoft.workloadmonitor,componentssummary,No,No,No
microsoft.workloadmonitor,monitorinstances,No,No,No
microsoft.workloadmonitor,monitorinstancessummary,No,No,No
microsoft.workloadmonitor,monitors,No,No,No
